{"type": "block", "layer": 2, "block": 0, "features": [{"geom": {"lines": [[141.22512632980943, 228.44998749811202, 158.41, 136.2927894871682, 233.97968398593366, 157.78, 131.73764224909246, 239.5136611564085, 157.88], [136.2927894871682, 233.97968398593366, 157.78, 128.79537856206298, 241.9207813255489, 157.93], [136.2927894871682, 233.97968398593366, 157.78, 127.13364296127111, 241.78161860909313, 158.0], [136.2927894871682, 233.97968398593366, 157.78, 129.2047967305407, 239.07244144100696, 157.98], [136.2927894871682, 233.97968398593366, 157.78, 128.64793084468693, 238.27553644403815, 157.95], [136.2927894871682, 233.97968398593366, 157.78, 128.593131236732, 237.0546621903777, 158.05], [136.2927894871682, 233.97968398593366, 157.78, 127.81318267155439, 236.27241264097393, 158.08], [136.2927894871682, 233.97968398593366, 157.78, 128.28134641144425, 235.81368542648852, 157.98], [136.2927894871682, 233.97968398593366, 157.78, 116.03850666806102, 237.29029946681112, 158.68], [136.2927894871682, 233.97968398593366, 157.78, 115.6298702629283, 235.51543685235083, 158.54], [136.2927894871682, 233.97968398593366, 157.78, 118.97080992534757, 234.24716650880873, 158.34], [136.2927894871682, 233.97968398593366, 157.78, 119.75865435320884, 232.8124290201813, 158.27], [136.2927894871682, 233.97968398593366, 157.78, 120.22520305030048, 230.97875287476927, 158.31], [136.2927894871682, 233.97968398593366, 157.78, 121.85141833499074, 229.7082094596699, 158.24], [136.2927894871682, 233.97968398593366, 157.78, 120.60693339072168, 227.545757654123, 158.24], [136.2927894871682, 233.97968398593366, 157.78, 119.80162579286844, 225.97263549640775, 158.08], [136.2927894871682, 233.97968398593366, 157.78, 119.74042149446905, 225.31884907372296, 158.1], [136.2927894871682, 233.97968398593366, 157.78, 131.32861554529518, 228.6642462844029, 157.73], [136.2927894871682, 233.97968398593366, 157.78, 131.87629381753504, 228.75639381911606, 157.85], [136.2927894871682, 233.97968398593366, 157.78, 132.44014688953757, 228.9346580253914, 157.81], [136.2927894871682, 233.97968398593366, 157.78, 132.8683905629441, 228.97389040887356, 157.85], [136.2927894871682, 233.97968398593366, 157.78, 133.35020511876792, 228.824677628465, 157.84], [136.2927894871682, 233.97968398593366, 157.78, 133.5744523545727, 228.7069156076759, 157.9], [136.2927894871682, 233.97968398593366, 157.78, 134.62691324949265, 228.1345117278397, 157.89], [136.2927894871682, 233.97968398593366, 157.78, 136.8965597189963, 229.10552850272506, 157.94], [136.2927894871682, 233.97968398593366, 157.78, 136.07481640856713, 230.50550912041217, 158.05], [136.2927894871682, 233.97968398593366, 157.78, 136.3173080617562, 228.77241019066423, 158.25], [136.2927894871682, 233.97968398593366, 157.78, 137.8418788900599, 228.91001447755843, 158.27], [136.2927894871682, 233.97968398593366, 157.78, 139.23530414607376, 228.51334485877305, 158.02], [136.2927894871682, 233.97968398593366, 157.78, 139.71149017848074, 228.86248022597283, 158.4], [136.2927894871682, 233.97968398593366, 157.78, 140.2636324269697, 228.55938523542136, 158.34], [136.2927894871682, 233.97968398593366, 157.78, 140.93132772110403, 228.6528938030824, 158.31], [136.2927894871682, 233.97968398593366, 157.78, 141.4807528136298, 228.59038078039885, 158.47], [136.2927894871682, 233.97968398593366, 157.78, 131.2945190956816, 228.64667276665568, 157.81, 142.63072303216904, 234.56719195004553, 157.93], [131.2945190956816, 228.64667276665568, 157.81, 142.0450661825016, 234.80116051621735, 157.82], [131.2945190956816, 228.64667276665568, 157.81, 141.2900912836194, 234.84415492229164, 157.82], [131.2945190956816, 228.64667276665568, 157.81, 140.90978967677802, 235.11482656281441, 157.8], [131.2945190956816, 228.64667276665568, 157.81, 138.63839421328157, 234.2984702019021, 157.77], [131.2945190956816, 228.64667276665568, 157.81, 137.45944527257234, 233.92417436279356, 157.78], [131.2945190956816, 228.64667276665568, 157.81, 136.7200630120933, 234.1048384057358, 157.75], [131.2945190956816, 228.64667276665568, 157.81, 136.27312103379518, 234.20288722589612, 157.73], [131.2945190956816, 228.64667276665568, 157.81, 136.09468092676252, 234.81958191096783, 157.76], [131.2945190956816, 228.64667276665568, 157.81, 135.7128264149651, 235.22772886883467, 157.83], [131.2945190956816, 228.64667276665568, 157.81, 135.33155413996428, 235.5843224907294, 157.79], [131.2945190956816, 228.64667276665568, 157.81, 135.12503430061042, 235.6507258536294, 157.84], [131.2945190956816, 228.64667276665568, 157.81, 134.93876522872597, 235.4423725930974, 158.0], [131.2945190956816, 228.64667276665568, 157.81, 134.34178657084703, 239.71507584303617, 157.97], [131.2945190956816, 228.64667276665568, 157.81, 133.96633686497808, 239.55613590590656, 158.0], [131.2945190956816, 228.64667276665568, 157.81, 134.2021009568125, 239.93691747263074, 157.66], [131.2945190956816, 228.64667276665568, 157.81, 133.6242072880268, 239.4835073100403, 157.84], [131.2945190956816, 228.64667276665568, 157.81, 133.0940617378801, 239.3571853917092, 157.77], [131.2945190956816, 228.64667276665568, 157.81, 132.63405017834157, 239.0941659687087, 157.84], [131.2945190956816, 228.64667276665568, 157.81, 131.36393951065838, 239.20006100460887, 157.96], [131.2945190956816, 228.64667276665568, 157.81, 131.92837561666965, 239.32677212171257, 157.99], [131.2945190956816, 228.64667276665568, 157.81, 130.7439913926646, 239.4336397703737, 157.97], [131.2945190956816, 228.64667276665568, 157.81, 130.31050638202578, 239.85838751960546, 157.98], [131.2945190956816, 228.64667276665568, 157.81, 124.32407968025655, 240.03107096534222, 158.13], [131.2945190956816, 228.64667276665568, 157.81, 123.0321646053344, 240.54919706936926, 158.12], [131.2945190956816, 228.64667276665568, 157.81, 121.67205640301108, 241.0321758147329, 158.1], [131.2945190956816, 228.64667276665568, 157.81, 120.58433161862195, 241.69011203479022, 158.12], [131.2945190956816, 228.64667276665568, 157.81, 120.10503966268152, 241.6159262880683, 158.3], [131.2945190956816, 228.64667276665568, 157.81, 112.54543056618422, 248.9891496039927, 157.61], [131.2945190956816, 228.64667276665568, 157.81, 121.99168647453189, 229.4348150342703, 158.06, 122.339525568299, 216.8581546349451, 157.93], [121.99168647453189, 229.4348150342703, 158.06, 122.66567351669073, 216.82748250942677, 157.66], [121.99168647453189, 229.4348150342703, 158.06, 122.0515505168587, 216.54552775714546, 158.12], [121.99168647453189, 229.4348150342703, 158.06, 123.26187484432012, 217.1779802897945, 157.97], [121.99168647453189, 229.4348150342703, 158.06, 124.43946178536862, 217.67256830073893, 158.11], [121.99168647453189, 229.4348150342703, 158.06, 125.38245052564889, 217.6832689512521, 158.11], [121.99168647453189, 229.4348150342703, 158.06, 126.65488711092621, 217.37116226833314, 157.74], [121.99168647453189, 229.4348150342703, 158.06, 127.56817727256566, 220.01107740495354, 158.15], [121.99168647453189, 229.4348150342703, 158.06, 128.1636026315391, 220.43031261116266, 157.19], [121.99168647453189, 229.4348150342703, 158.06, 129.301270830445, 221.42285905592144, 157.0], [121.99168647453189, 229.4348150342703, 158.06, 128.9580414518714, 222.96576024219394, 157.04], [121.99168647453189, 229.4348150342703, 158.06, 129.50966548267752, 224.22664304915816, 156.97], [121.99168647453189, 229.4348150342703, 158.06, 129.9451548838988, 225.14247570373118, 157.05], [121.99168647453189, 229.4348150342703, 158.06, 130.17567757889628, 225.98723618872464, 156.99], [121.99168647453189, 229.4348150342703, 158.06, 129.81879676133394, 227.22062403336167, 157.26], [121.99168647453189, 229.4348150342703, 158.06, 130.68544150609523, 227.9179230602458, 157.28], [121.99168647453189, 229.4348150342703, 158.06, 131.09129911940545, 228.4209406254813, 157.31], [121.99168647453189, 229.4348150342703, 158.06, 131.39661433920264, 228.71657775435597, 157.33], [121.99168647453189, 229.4348150342703, 158.06, 136.25597574654967, 234.20269269309938, 