{"type": "block", "layer": 5, "block": 0, "features": [{"geom": {"lines": [[170.18518039025366, 55.487569586373866, 161.58, 175.90881642792374, 70.98575714975595, 161.0, 183.83702702261508, 71.95216757897288, 161.55, 180.37752054352313, 85.24951054062694, 159.84, 173.91386982798576, 97.32694617751986, 160.59, 174.61756695713848, 104.86255097854882, 160.44, 149.9244329398498, 108.0025505386293, 159.71], [174.61756695713848, 104.86255097854882, 160.44, 150.8032917585224, 107.61723400373012, 159.72, 143.62659251037985, 112.98389815725386, 160.87, 148.65119980555028, 120.53416768182069, 160.36, 143.72081005387008, 124.37954688072205, 160.36, 137.27853922359645, 119.37395857367665, 159.36, 119.22494146320969, 122.1939090564847, 159.5, 116.58554882742465, 135.74122600629926, 158.35, 93.31095058657229, 136.2504468858242, 158.43, 88.64195887837559, 165.5175553811714, 158.84, 71.87474146299064, 163.74603521823883, 157.89]]}, "mtl": 0}], "featureCount": 1, "startIndex": 0}