{"type": "block", "layer": 6, "block": 0, "features": [{"geom": {"lines": [[168.4124732958153, 43.918307621032, 161.38, 195.0695041231811, 18.68190391547978, 162.13, 200.45522448513657, 9.428065656684339, 161.92]]}, "mtl": 0}], "featureCount": 1, "startIndex": 0}