{"type": "block", "layer": 7, "block": 0, "features": [{"geom": {"lines": [[-180.44623530842364, -63.35192815493792, 157.96, -177.57780281826854, -57.733814685605466, 157.52, -160.29838732536882, -64.89270057808608, 158.17, -149.74016646575183, -56.95288118068129, 157.8, -135.32973994407803, -60.60416265577078, 157.41, -122.3641307130456, -62.347077095881104, 157.77, -99.63552322238684, -55.57498322892934, 158.47, -91.01293383724988, -55.37378053832799, 158.28, -75.03397268615663, -46.11781310103834, 158.13, -67.24413074366748, -39.000130420550704, 158.5, -46.7537782471627, -32.92388109117746, 157.57, -31.71612288057804, -23.81616711150855, 158.73, -19.17920008301735, -30.101258509792387, 158.08, -8.859335518442094, -25.32654434721917, 157.99, -6.5988018764182925, -19.010745802894235, 159.04, -1.5621000528335571, -17.09741050656885, 159.44, 6.646932323463261, -9.132892507128417, 158.79, 12.830524552613497, -2.4975336650386453, 158.5, 21.723498271778226, 1.0922867944464087, 159.04, 25.180629977956414, -1.3604287924245, 159.15, 30.193929557688534, 5.656909365206957, 159.74, 47.73032437823713, 12.163414848037064, 159.61, 52.45009593758732, 8.74541287869215, 159.66, 56.107037438079715, 9.852484599687159, 159.88, 56.00136171095073, 19.20056060794741, 159.63, 59.73393171094358, 21.202172429300845, 160.05, 66.64008162170649, 18.53080513700843, 160.38, 69.88417732249945, 13.686767803505063, 160.35, 93.6037684045732, 17.771385450847447, 160.82, 105.76444384176284, 11.395859208889306, 161.26, 112.83159562107176, 11.166716480627656, 161.13, 110.32720507308841, 18.837697784416378, 161.2, 101.56864175852388, 41.28658683784306, 160.44, 117.87307406030595, 47.572745410725474, 160.76, 128.17571957036853, 55.40628260932863, 160.09, 136.78032560367137, 60.24732330534607, 160.08, 139.91356916166842, 56.10661035217345, 160.35, 145.73757852893323, 47.5280013429001, 160.24, 162.60381927713752, 51.13938992191106, 161.3, 170.30558269191533, 55.454562636092305, 161.7], [162.60381927713752, 51.13938992191106, 161.3, 167.49413590691984, 53.87591265235096, 161.56], [162.60381927713752, 51.13938992191106, 161.3, 166.64212964568287, 53.402220295742154, 161.51], [162.60381927713752, 51.13938992191106, 161.3, 170.322727589868, 55.45475708600134, 161.7], [162.60381927713752, 51.13938992191106, 161.3, 170.18518039025366, 55.487569586373866, 161.58, 168.4124732958153, 43.918307621032, 161.38]]}, "mtl": 0}], "featureCount": 1, "startIndex": 0}