{"type": "block", "layer": 8, "block": 0, "features": [{"geom": {"lines": [[-286.9276220165193, -80.0152931548655, 160.0, -280.81261624675244, -83.98428585100919, 159.83, -279.90442958381027, -74.86536976508796, 159.87, -273.95582620892674, -76.25837131310254, 156.39, -273.5634502870962, -76.08203912805766, 156.39, -255.81408712640405, -80.82930634729564, 156.29, -250.07491377647966, -84.92290726397187, 157.96, -243.9719924228266, -92.36362456716597, 156.66, -237.74696415197104, -90.91782057937235, 156.66, -234.29251568671316, -94.64218307100236, 157.01, -213.42486332543194, -94.64506327174604, 156.98, -209.75514816027135, -96.1843697372824, 157.62, -198.57632854953408, -111.232212648727, 157.14, -186.60733240284026, -120.35910466313362, 158.0, -173.9578308770433, -125.98952625598758, 158.97, -168.92687220405787, -120.55306973401457, 158.42, -157.7266354598105, -119.34285384509712, 159.1, -154.67817475181073, -111.45420106779784, 159.95, -162.15766484383494, -111.14406862016767, 159.18, -165.2931339647621, -105.30218409467489, 158.26, -163.1221307180822, -91.09907925873995, 158.33, -164.50673532579094, -88.45102049317211, 158.44, -164.55735860206187, -82.47088468819857, 158.45, -162.81327633652836, -80.52620176132768, 158.6, -176.49696712382138, -72.91393084451556, 158.46, -181.67968814913183, -67.98900620732456, 158.13, -180.44623530842364, -63.35192815493792, 157.96]]}, "mtl": 0}], "featureCount": 1, "startIndex": 0}